Action,Campaign,Ad group,Keyword,Match type
Add,Cephe-Totem-Genel,cephe-totem-genel,ankara,Negative phrase
Add,Cephe-Totem-Genel,cephe-totem-genel,izmir,Negative phrase
Add,Cephe-Totem-Genel,cephe-totem-genel,bursa,Negative phrase
Add,Cephe-Totem-Genel,cephe-totem-genel,antalya,Negative phrase
Add,Cephe-Totem-Genel,cephe-totem-genel,konya,Negative phrase
Add,Cephe-Totem-Genel,cephe-totem-genel,adana,Negative phrase
Add,Cephe-Totem-Genel,cephe-totem-genel,gaziantep,Negative phrase
Add,Cephe-Totem-Genel,cephe-totem-genel,mersin,Negative phrase
Add,Cephe-Totem-Genel,cephe-totem-genel,kayseri,Negative phrase
Add,Cephe-Totem-Genel,cephe-totem-genel,eskisehir,Negative phrase
Add,Cephe-Totem-Genel,cephe-totem-genel,samsun,Negative phrase
Add,Cephe-Totem-Genel,cephe-totem-genel,trabzon,Negative phrase
Add,Cephe-Totem-Genel,cephe-totem-genel,diyarbakir,Negative phrase
Add,Cephe-Totem-Genel,cephe-totem-genel,sanliurfa,Negative phrase
Add,Cephe-Totem-Genel,cephe-totem-genel,malatya,Negative phrase
Add,Cephe-Totem-Genel,cephe-totem-genel,erzurum,Negative phrase
Add,Cephe-Totem-Genel,cephe-totem-genel,kocaeli,Negative phrase
Add,Cephe-Totem-Genel,cephe-totem-genel,sakarya,Negative phrase
Add,Cephe-Totem-Genel,cephe-totem-genel,manisa,Negative phrase
Add,Cephe-Totem-Genel,cephe-totem-genel,hatay,Negative phrase
Add,Cephe-Totem-Genel,cephe-totem-genel,balikesir,Negative phrase
Add,Cephe-Totem-Genel,cephe-totem-genel,denizli,Negative phrase
Add,Cephe-Totem-Genel,cephe-totem-genel,van,Negative phrase
Add,Cephe-Totem-Genel,cephe-totem-genel,tekirdag,Negative phrase
Add,Cephe-Totem-Genel,cephe-totem-genel,aydin,Negative phrase
Add,Cephe-Totem-Genel,cephe-totem-genel,mugla,Negative phrase
Add,Cephe-Totem-Genel,cephe-totem-genel,afyon,Negative phrase
Add,Cephe-Totem-Genel,cephe-totem-genel,isparta,Negative phrase
Add,Cephe-Totem-Genel,cephe-totem-genel,corum,Negative phrase
Add,Cephe-Totem-Genel,cephe-totem-genel,tokat,Negative phrase
Add,Cephe-Totem-Genel,cephe-totem-genel,ordu,Negative phrase
Add,Cephe-Totem-Genel,cephe-totem-genel,giresun,Negative phrase
Add,Cephe-Totem-Genel,cephe-totem-genel,rize,Negative phrase
Add,Cephe-Totem-Genel,cephe-totem-genel,kirikkale,Negative phrase
Add,Cephe-Totem-Genel,cephe-totem-genel,batman,Negative phrase
Add,Cephe-Totem-Genel,cephe-totem-genel,kahramanmaras,Negative phrase
Add,Cephe-Totem-Genel,cephe-totem-genel,almanya,Negative phrase
Add,Cephe-Totem-Genel,cephe-totem-genel,londra,Negative phrase
Add,Cephe-Totem-Genel,cephe-totem-genel,dubai,Negative phrase
Add,Cephe-Totem-Genel,cephe-totem-genel,azerbaycan,Negative phrase
Add,Cephe-Totem-Genel,cephe-totem-genel,kktc,Negative phrase
Add,Cephe-Totem-Genel,cephe-totem-genel,armut,Negative phrase
Add,Cephe-Totem-Genel,cephe-totem-genel,armut com,Negative phrase
Add,Cephe-Totem-Genel,cephe-totem-genel,armut teklif,Negative phrase
Add,Cephe-Totem-Genel,cephe-totem-genel,eraytabela,Negative phrase
Add,Cephe-Totem-Genel,cephe-totem-genel,eray tabela,Negative phrase
Add,Cephe-Totem-Genel,cephe-totem-genel,cebireklam,Negative phrase
Add,Cephe-Totem-Genel,cephe-totem-genel,cebi reklam,Negative phrase
Add,Cephe-Totem-Genel,cephe-totem-genel,3mreklam,Negative phrase
Add,Cephe-Totem-Genel,cephe-totem-genel,3m reklam,Negative phrase
Add,Cephe-Totem-Genel,cephe-totem-genel,protabela,Negative phrase
Add,Cephe-Totem-Genel,cephe-totem-genel,pro tabela,Negative phrase
Add,Cephe-Totem-Genel,cephe-totem-genel,dogauneon,Negative phrase
Add,Cephe-Totem-Genel,cephe-totem-genel,doga uneon,Negative phrase
Add,Cephe-Totem-Genel,cephe-totem-genel,brdreklam,Negative phrase
Add,Cephe-Totem-Genel,cephe-totem-genel,brd reklam,Negative phrase
Add,Cephe-Totem-Genel,cephe-totem-genel,brdreklamtabela,Negative phrase
Add,Cephe-Totem-Genel,cephe-totem-genel,evok reklam,Negative phrase
Add,Cephe-Totem-Genel,cephe-totem-genel,neuneon,Negative phrase
Add,Cephe-Totem-Genel,cephe-totem-genel,neu neon,Negative phrase
Add,Cephe-Totem-Genel,cephe-totem-genel,artastabela,Negative phrase
Add,Cephe-Totem-Genel,cephe-totem-genel,artas tabela,Negative phrase
Add,Cephe-Totem-Genel,cephe-totem-genel,eymenreklam,Negative phrase
Add,Cephe-Totem-Genel,cephe-totem-genel,eymen reklam,Negative phrase
Add,Cephe-Totem-Genel,cephe-totem-genel,nasil yapilir,Negative phrase
Add,Cephe-Totem-Genel,cephe-totem-genel,nasil yapabilirim,Negative phrase
Add,Cephe-Totem-Genel,cephe-totem-genel,evde yapim,Negative phrase
Add,Cephe-Totem-Genel,cephe-totem-genel,kendim yapim,Negative phrase
Add,Cephe-Totem-Genel,cephe-totem-genel,el yapimi,Negative phrase
Add,Cephe-Totem-Genel,cephe-totem-genel,ev tipi,Negative phrase
Add,Cephe-Totem-Genel,cephe-totem-genel,tabela yapimi evde,Negative phrase
Add,Cephe-Totem-Genel,cephe-totem-genel,is ilanlari,Negative phrase
Add,Cephe-Totem-Genel,cephe-totem-genel,is ilani,Negative phrase
Add,Cephe-Totem-Genel,cephe-totem-genel,tabelaci is,Negative phrase
Add,Cephe-Totem-Genel,cephe-totem-genel,tabela is,Negative phrase
Add,Cephe-Totem-Genel,cephe-totem-genel,tabela ustasi ariyor,Negative phrase
Add,Cephe-Totem-Genel,cephe-totem-genel,usta ariyor,Negative phrase
Add,Cephe-Totem-Genel,cephe-totem-genel,eleman ariyor,Negative phrase
Add,Cephe-Totem-Genel,cephe-totem-genel,personel ariyor,Negative phrase
Add,Cephe-Totem-Genel,cephe-totem-genel,isci,Negative phrase
Add,Cephe-Totem-Genel,cephe-totem-genel,isci ariyor,Negative phrase
Add,Cephe-Totem-Genel,cephe-totem-genel,kalfa,Negative phrase
Add,Cephe-Totem-Genel,cephe-totem-genel,cirak,Negative phrase
Add,Cephe-Totem-Genel,cephe-totem-genel,staj,Negative phrase
Add,Cephe-Totem-Genel,cephe-totem-genel,stajyer,Negative phrase
Add,Cephe-Totem-Genel,cephe-totem-genel,tabela tasarimi ders,Negative phrase
Add,Cephe-Totem-Genel,cephe-totem-genel,tabela dersi,Negative phrase
Add,Cephe-Totem-Genel,cephe-totem-genel,egitim,Negative phrase
Add,Cephe-Totem-Genel,cephe-totem-genel,egitimi,Negative phrase
Add,Cephe-Totem-Genel,cephe-totem-genel,kurs,Negative phrase
Add,Cephe-Totem-Genel,cephe-totem-genel,sablon,Negative phrase
Add,Cephe-Totem-Genel,cephe-totem-genel,template,Negative phrase
Add,Cephe-Totem-Genel,cephe-totem-genel,vektorel,Negative phrase
Add,Cephe-Totem-Genel,cephe-totem-genel,hazir tasarim,Negative phrase
Add,Cephe-Totem-Genel,cephe-totem-genel,online tasarim,Negative phrase
Add,Cephe-Totem-Genel,cephe-totem-genel,tabela tasarla,Negative phrase
Add,Cephe-Totem-Genel,cephe-totem-genel,tabela tasarim programi,Negative phrase
Add,Cephe-Totem-Genel,cephe-totem-genel,odev,Negative phrase
Add,Cephe-Totem-Genel,cephe-totem-genel,tez,Negative phrase
Add,Cephe-Totem-Genel,cephe-totem-genel,proje odev,Negative phrase
Add,Cephe-Totem-Genel,cephe-totem-genel,ogrenci,Negative phrase
Add,Cephe-Totem-Genel,cephe-totem-genel,universite,Negative phrase
Add,Cephe-Totem-Genel,cephe-totem-genel,hepsiburada,Negative phrase
Add,Cephe-Totem-Genel,cephe-totem-genel,trendyol,Negative phrase
Add,Cephe-Totem-Genel,cephe-totem-genel,n11,Negative phrase
Add,Cephe-Totem-Genel,cephe-totem-genel,amazon,Negative phrase
Add,Cephe-Totem-Genel,cephe-totem-genel,sahibinden,Negative phrase
Add,Cephe-Totem-Genel,cephe-totem-genel,pazarama,Negative phrase
Add,Cephe-Totem-Genel,cephe-totem-genel,gittigidiyor,Negative phrase
Add,Cephe-Totem-Genel,cephe-totem-genel,bedava,Negative phrase
Add,Cephe-Totem-Genel,cephe-totem-genel,ucretsiz tabela,Negative phrase
Add,Cephe-Totem-Genel,cephe-totem-genel,ucuz,Negative phrase
Add,Cephe-Totem-Genel,cephe-totem-genel,cok ucuz,Negative phrase
Add,Cephe-Totem-Genel,cephe-totem-genel,en ucuz,Negative phrase
Add,Cephe-Totem-Genel,cephe-totem-genel,ikinci el,Negative phrase
Add,Cephe-Totem-Genel,cephe-totem-genel,2 el,Negative phrase
Add,Cephe-Totem-Genel,cephe-totem-genel,eski tabela,Negative phrase
Add,Cephe-Totem-Genel,cephe-totem-genel,sifir tabela,Negative phrase
Add,Cephe-Totem-Genel,cephe-totem-genel,toptan,Negative phrase
Add,Cephe-Totem-Genel,cephe-totem-genel,toptan satis,Negative phrase
Add,Cephe-Totem-Genel,cephe-totem-genel,tedarikci,Negative phrase
Add,Cephe-Totem-Genel,cephe-totem-genel,bayi,Negative phrase
Add,Cephe-Totem-Genel,cephe-totem-genel,distribütör,Negative phrase
Add,Cephe-Totem-Genel,cephe-totem-genel,malzeme satis,Negative phrase
Add,Cephe-Totem-Genel,cephe-totem-genel,malzemesi nereden,Negative phrase
Add,Cephe-Totem-Genel,cephe-totem-genel,nereden alabilirim,Negative phrase
Add,Cephe-Totem-Genel,cephe-totem-genel,dijital pano,Negative phrase
Add,Cephe-Totem-Genel,cephe-totem-genel,reklam ajansi,Negative phrase
Add,Cephe-Totem-Genel,cephe-totem-genel,sosyal medya,Negative phrase
Add,Cephe-Totem-Genel,cephe-totem-genel,instagram reklam,Negative phrase
Add,Cephe-Totem-Genel,cephe-totem-genel,reklam filmi,Negative phrase
Add,Cephe-Totem-Genel,cephe-totem-genel,tv reklam,Negative phrase
Add,Cephe-Totem-Genel,cephe-totem-genel,radyo reklam,Negative phrase
Add,Cephe-Totem-Genel,cephe-totem-genel,yol tabelasi,Negative phrase
Add,Cephe-Totem-Genel,cephe-totem-genel,trafik tabelasi,Negative phrase
Add,Cephe-Totem-Genel,cephe-totem-genel,trafik isareti,Negative phrase
Add,Cephe-Totem-Genel,cephe-totem-genel,uyari tabelasi,Negative phrase
Add,Cephe-Totem-Genel,cephe-totem-genel,adres tabelasi,Negative phrase
Add,Cephe-Totem-Genel,cephe-totem-genel,ev adresi,Negative phrase
Add,Cephe-Totem-Genel,cephe-totem-genel,mezar tasi,Negative phrase
Add,Cephe-Totem-Genel,cephe-totem-genel,nikah sekeri,Negative phrase
Add,Isikli-Tabela-LED,Isikli-Tabela-Genel,ankara,Negative phrase
Add,Isikli-Tabela-LED,Isikli-Tabela-Genel,izmir,Negative phrase
Add,Isikli-Tabela-LED,Isikli-Tabela-Genel,bursa,Negative phrase
Add,Isikli-Tabela-LED,Isikli-Tabela-Genel,antalya,Negative phrase
Add,Isikli-Tabela-LED,Isikli-Tabela-Genel,konya,Negative phrase
Add,Isikli-Tabela-LED,Isikli-Tabela-Genel,adana,Negative phrase
Add,Isikli-Tabela-LED,Isikli-Tabela-Genel,gaziantep,Negative phrase
Add,Isikli-Tabela-LED,Isikli-Tabela-Genel,mersin,Negative phrase
Add,Isikli-Tabela-LED,Isikli-Tabela-Genel,kayseri,Negative phrase
Add,Isikli-Tabela-LED,Isikli-Tabela-Genel,eskisehir,Negative phrase
Add,Isikli-Tabela-LED,Isikli-Tabela-Genel,samsun,Negative phrase
Add,Isikli-Tabela-LED,Isikli-Tabela-Genel,trabzon,Negative phrase
Add,Isikli-Tabela-LED,Isikli-Tabela-Genel,diyarbakir,Negative phrase
Add,Isikli-Tabela-LED,Isikli-Tabela-Genel,sanliurfa,Negative phrase
Add,Isikli-Tabela-LED,Isikli-Tabela-Genel,malatya,Negative phrase
Add,Isikli-Tabela-LED,Isikli-Tabela-Genel,erzurum,Negative phrase
Add,Isikli-Tabela-LED,Isikli-Tabela-Genel,kocaeli,Negative phrase
Add,Isikli-Tabela-LED,Isikli-Tabela-Genel,sakarya,Negative phrase
Add,Isikli-Tabela-LED,Isikli-Tabela-Genel,manisa,Negative phrase
Add,Isikli-Tabela-LED,Isikli-Tabela-Genel,hatay,Negative phrase
Add,Isikli-Tabela-LED,Isikli-Tabela-Genel,balikesir,Negative phrase
Add,Isikli-Tabela-LED,Isikli-Tabela-Genel,denizli,Negative phrase
Add,Isikli-Tabela-LED,Isikli-Tabela-Genel,van,Negative phrase
Add,Isikli-Tabela-LED,Isikli-Tabela-Genel,tekirdag,Negative phrase
Add,Isikli-Tabela-LED,Isikli-Tabela-Genel,aydin,Negative phrase
Add,Isikli-Tabela-LED,Isikli-Tabela-Genel,mugla,Negative phrase
Add,Isikli-Tabela-LED,Isikli-Tabela-Genel,afyon,Negative phrase
Add,Isikli-Tabela-LED,Isikli-Tabela-Genel,isparta,Negative phrase
Add,Isikli-Tabela-LED,Isikli-Tabela-Genel,corum,Negative phrase
Add,Isikli-Tabela-LED,Isikli-Tabela-Genel,tokat,Negative phrase
Add,Isikli-Tabela-LED,Isikli-Tabela-Genel,ordu,Negative phrase
Add,Isikli-Tabela-LED,Isikli-Tabela-Genel,giresun,Negative phrase
Add,Isikli-Tabela-LED,Isikli-Tabela-Genel,rize,Negative phrase
Add,Isikli-Tabela-LED,Isikli-Tabela-Genel,kirikkale,Negative phrase
Add,Isikli-Tabela-LED,Isikli-Tabela-Genel,batman,Negative phrase
Add,Isikli-Tabela-LED,Isikli-Tabela-Genel,kahramanmaras,Negative phrase
Add,Isikli-Tabela-LED,Isikli-Tabela-Genel,almanya,Negative phrase
Add,Isikli-Tabela-LED,Isikli-Tabela-Genel,londra,Negative phrase
Add,Isikli-Tabela-LED,Isikli-Tabela-Genel,dubai,Negative phrase
Add,Isikli-Tabela-LED,Isikli-Tabela-Genel,azerbaycan,Negative phrase
Add,Isikli-Tabela-LED,Isikli-Tabela-Genel,kktc,Negative phrase
Add,Isikli-Tabela-LED,Isikli-Tabela-Genel,armut,Negative phrase
Add,Isikli-Tabela-LED,Isikli-Tabela-Genel,armut com,Negative phrase
Add,Isikli-Tabela-LED,Isikli-Tabela-Genel,armut teklif,Negative phrase
Add,Isikli-Tabela-LED,Isikli-Tabela-Genel,eraytabela,Negative phrase
Add,Isikli-Tabela-LED,Isikli-Tabela-Genel,eray tabela,Negative phrase
Add,Isikli-Tabela-LED,Isikli-Tabela-Genel,cebireklam,Negative phrase
Add,Isikli-Tabela-LED,Isikli-Tabela-Genel,cebi reklam,Negative phrase
Add,Isikli-Tabela-LED,Isikli-Tabela-Genel,3mreklam,Negative phrase
Add,Isikli-Tabela-LED,Isikli-Tabela-Genel,3m reklam,Negative phrase
Add,Isikli-Tabela-LED,Isikli-Tabela-Genel,protabela,Negative phrase
Add,Isikli-Tabela-LED,Isikli-Tabela-Genel,pro tabela,Negative phrase
Add,Isikli-Tabela-LED,Isikli-Tabela-Genel,dogauneon,Negative phrase
Add,Isikli-Tabela-LED,Isikli-Tabela-Genel,doga uneon,Negative phrase
Add,Isikli-Tabela-LED,Isikli-Tabela-Genel,brdreklam,Negative phrase
Add,Isikli-Tabela-LED,Isikli-Tabela-Genel,brd reklam,Negative phrase
Add,Isikli-Tabela-LED,Isikli-Tabela-Genel,brdreklamtabela,Negative phrase
Add,Isikli-Tabela-LED,Isikli-Tabela-Genel,evok reklam,Negative phrase
Add,Isikli-Tabela-LED,Isikli-Tabela-Genel,neuneon,Negative phrase
Add,Isikli-Tabela-LED,Isikli-Tabela-Genel,neu neon,Negative phrase
Add,Isikli-Tabela-LED,Isikli-Tabela-Genel,artastabela,Negative phrase
Add,Isikli-Tabela-LED,Isikli-Tabela-Genel,artas tabela,Negative phrase
Add,Isikli-Tabela-LED,Isikli-Tabela-Genel,eymenreklam,Negative phrase
Add,Isikli-Tabela-LED,Isikli-Tabela-Genel,eymen reklam,Negative phrase
Add,Isikli-Tabela-LED,Isikli-Tabela-Genel,nasil yapilir,Negative phrase
Add,Isikli-Tabela-LED,Isikli-Tabela-Genel,nasil yapabilirim,Negative phrase
Add,Isikli-Tabela-LED,Isikli-Tabela-Genel,evde yapim,Negative phrase
Add,Isikli-Tabela-LED,Isikli-Tabela-Genel,kendim yapim,Negative phrase
Add,Isikli-Tabela-LED,Isikli-Tabela-Genel,el yapimi,Negative phrase
Add,Isikli-Tabela-LED,Isikli-Tabela-Genel,ev tipi,Negative phrase
Add,Isikli-Tabela-LED,Isikli-Tabela-Genel,tabela yapimi evde,Negative phrase
Add,Isikli-Tabela-LED,Isikli-Tabela-Genel,is ilanlari,Negative phrase
Add,Isikli-Tabela-LED,Isikli-Tabela-Genel,is ilani,Negative phrase
Add,Isikli-Tabela-LED,Isikli-Tabela-Genel,tabelaci is,Negative phrase
Add,Isikli-Tabela-LED,Isikli-Tabela-Genel,tabela is,Negative phrase
Add,Isikli-Tabela-LED,Isikli-Tabela-Genel,tabela ustasi ariyor,Negative phrase
Add,Isikli-Tabela-LED,Isikli-Tabela-Genel,usta ariyor,Negative phrase
Add,Isikli-Tabela-LED,Isikli-Tabela-Genel,eleman ariyor,Negative phrase
Add,Isikli-Tabela-LED,Isikli-Tabela-Genel,personel ariyor,Negative phrase
Add,Isikli-Tabela-LED,Isikli-Tabela-Genel,isci,Negative phrase
Add,Isikli-Tabela-LED,Isikli-Tabela-Genel,isci ariyor,Negative phrase
Add,Isikli-Tabela-LED,Isikli-Tabela-Genel,kalfa,Negative phrase
Add,Isikli-Tabela-LED,Isikli-Tabela-Genel,cirak,Negative phrase
Add,Isikli-Tabela-LED,Isikli-Tabela-Genel,staj,Negative phrase
Add,Isikli-Tabela-LED,Isikli-Tabela-Genel,stajyer,Negative phrase
Add,Isikli-Tabela-LED,Isikli-Tabela-Genel,tabela tasarimi ders,Negative phrase
Add,Isikli-Tabela-LED,Isikli-Tabela-Genel,tabela dersi,Negative phrase
Add,Isikli-Tabela-LED,Isikli-Tabela-Genel,egitim,Negative phrase
Add,Isikli-Tabela-LED,Isikli-Tabela-Genel,egitimi,Negative phrase
Add,Isikli-Tabela-LED,Isikli-Tabela-Genel,kurs,Negative phrase
Add,Isikli-Tabela-LED,Isikli-Tabela-Genel,sablon,Negative phrase
Add,Isikli-Tabela-LED,Isikli-Tabela-Genel,template,Negative phrase
Add,Isikli-Tabela-LED,Isikli-Tabela-Genel,vektorel,Negative phrase
Add,Isikli-Tabela-LED,Isikli-Tabela-Genel,hazir tasarim,Negative phrase
Add,Isikli-Tabela-LED,Isikli-Tabela-Genel,online tasarim,Negative phrase
Add,Isikli-Tabela-LED,Isikli-Tabela-Genel,tabela tasarla,Negative phrase
Add,Isikli-Tabela-LED,Isikli-Tabela-Genel,tabela tasarim programi,Negative phrase
Add,Isikli-Tabela-LED,Isikli-Tabela-Genel,odev,Negative phrase
Add,Isikli-Tabela-LED,Isikli-Tabela-Genel,tez,Negative phrase
Add,Isikli-Tabela-LED,Isikli-Tabela-Genel,proje odev,Negative phrase
Add,Isikli-Tabela-LED,Isikli-Tabela-Genel,ogrenci,Negative phrase
Add,Isikli-Tabela-LED,Isikli-Tabela-Genel,universite,Negative phrase
Add,Isikli-Tabela-LED,Isikli-Tabela-Genel,hepsiburada,Negative phrase
Add,Isikli-Tabela-LED,Isikli-Tabela-Genel,trendyol,Negative phrase
Add,Isikli-Tabela-LED,Isikli-Tabela-Genel,n11,Negative phrase
Add,Isikli-Tabela-LED,Isikli-Tabela-Genel,amazon,Negative phrase
Add,Isikli-Tabela-LED,Isikli-Tabela-Genel,sahibinden,Negative phrase
Add,Isikli-Tabela-LED,Isikli-Tabela-Genel,pazarama,Negative phrase
Add,Isikli-Tabela-LED,Isikli-Tabela-Genel,gittigidiyor,Negative phrase
Add,Isikli-Tabela-LED,Isikli-Tabela-Genel,bedava,Negative phrase
Add,Isikli-Tabela-LED,Isikli-Tabela-Genel,ucretsiz tabela,Negative phrase
Add,Isikli-Tabela-LED,Isikli-Tabela-Genel,ucuz,Negative phrase
Add,Isikli-Tabela-LED,Isikli-Tabela-Genel,cok ucuz,Negative phrase
Add,Isikli-Tabela-LED,Isikli-Tabela-Genel,en ucuz,Negative phrase
Add,Isikli-Tabela-LED,Isikli-Tabela-Genel,ikinci el,Negative phrase
Add,Isikli-Tabela-LED,Isikli-Tabela-Genel,2 el,Negative phrase
Add,Isikli-Tabela-LED,Isikli-Tabela-Genel,eski tabela,Negative phrase
Add,Isikli-Tabela-LED,Isikli-Tabela-Genel,sifir tabela,Negative phrase
Add,Isikli-Tabela-LED,Isikli-Tabela-Genel,toptan,Negative phrase
Add,Isikli-Tabela-LED,Isikli-Tabela-Genel,toptan satis,Negative phrase
Add,Isikli-Tabela-LED,Isikli-Tabela-Genel,tedarikci,Negative phrase
Add,Isikli-Tabela-LED,Isikli-Tabela-Genel,bayi,Negative phrase
Add,Isikli-Tabela-LED,Isikli-Tabela-Genel,distribütör,Negative phrase
Add,Isikli-Tabela-LED,Isikli-Tabela-Genel,malzeme satis,Negative phrase
Add,Isikli-Tabela-LED,Isikli-Tabela-Genel,malzemesi nereden,Negative phrase
Add,Isikli-Tabela-LED,Isikli-Tabela-Genel,nereden alabilirim,Negative phrase
Add,Isikli-Tabela-LED,Isikli-Tabela-Genel,dijital pano,Negative phrase
Add,Isikli-Tabela-LED,Isikli-Tabela-Genel,reklam ajansi,Negative phrase
Add,Isikli-Tabela-LED,Isikli-Tabela-Genel,sosyal medya,Negative phrase
Add,Isikli-Tabela-LED,Isikli-Tabela-Genel,instagram reklam,Negative phrase
Add,Isikli-Tabela-LED,Isikli-Tabela-Genel,reklam filmi,Negative phrase
Add,Isikli-Tabela-LED,Isikli-Tabela-Genel,tv reklam,Negative phrase
Add,Isikli-Tabela-LED,Isikli-Tabela-Genel,radyo reklam,Negative phrase
Add,Isikli-Tabela-LED,Isikli-Tabela-Genel,yol tabelasi,Negative phrase
Add,Isikli-Tabela-LED,Isikli-Tabela-Genel,trafik tabelasi,Negative phrase
Add,Isikli-Tabela-LED,Isikli-Tabela-Genel,trafik isareti,Negative phrase
Add,Isikli-Tabela-LED,Isikli-Tabela-Genel,uyari tabelasi,Negative phrase
Add,Isikli-Tabela-LED,Isikli-Tabela-Genel,adres tabelasi,Negative phrase
Add,Isikli-Tabela-LED,Isikli-Tabela-Genel,ev adresi,Negative phrase
Add,Isikli-Tabela-LED,Isikli-Tabela-Genel,mezar tasi,Negative phrase
Add,Isikli-Tabela-LED,Isikli-Tabela-Genel,nikah sekeri,Negative phrase
Add,Kutu-Harf-Tabela,kutu-harf-genel,ankara,Negative phrase
Add,Kutu-Harf-Tabela,kutu-harf-genel,izmir,Negative phrase
Add,Kutu-Harf-Tabela,kutu-harf-genel,bursa,Negative phrase
Add,Kutu-Harf-Tabela,kutu-harf-genel,antalya,Negative phrase
Add,Kutu-Harf-Tabela,kutu-harf-genel,konya,Negative phrase
Add,Kutu-Harf-Tabela,kutu-harf-genel,adana,Negative phrase
Add,Kutu-Harf-Tabela,kutu-harf-genel,gaziantep,Negative phrase
Add,Kutu-Harf-Tabela,kutu-harf-genel,mersin,Negative phrase
Add,Kutu-Harf-Tabela,kutu-harf-genel,kayseri,Negative phrase
Add,Kutu-Harf-Tabela,kutu-harf-genel,eskisehir,Negative phrase
Add,Kutu-Harf-Tabela,kutu-harf-genel,samsun,Negative phrase
Add,Kutu-Harf-Tabela,kutu-harf-genel,trabzon,Negative phrase
Add,Kutu-Harf-Tabela,kutu-harf-genel,diyarbakir,Negative phrase
Add,Kutu-Harf-Tabela,kutu-harf-genel,sanliurfa,Negative phrase
Add,Kutu-Harf-Tabela,kutu-harf-genel,malatya,Negative phrase
Add,Kutu-Harf-Tabela,kutu-harf-genel,erzurum,Negative phrase
Add,Kutu-Harf-Tabela,kutu-harf-genel,kocaeli,Negative phrase
Add,Kutu-Harf-Tabela,kutu-harf-genel,sakarya,Negative phrase
Add,Kutu-Harf-Tabela,kutu-harf-genel,manisa,Negative phrase
Add,Kutu-Harf-Tabela,kutu-harf-genel,hatay,Negative phrase
Add,Kutu-Harf-Tabela,kutu-harf-genel,balikesir,Negative phrase
Add,Kutu-Harf-Tabela,kutu-harf-genel,denizli,Negative phrase
Add,Kutu-Harf-Tabela,kutu-harf-genel,van,Negative phrase
Add,Kutu-Harf-Tabela,kutu-harf-genel,tekirdag,Negative phrase
Add,Kutu-Harf-Tabela,kutu-harf-genel,aydin,Negative phrase
Add,Kutu-Harf-Tabela,kutu-harf-genel,mugla,Negative phrase
Add,Kutu-Harf-Tabela,kutu-harf-genel,afyon,Negative phrase
Add,Kutu-Harf-Tabela,kutu-harf-genel,isparta,Negative phrase
Add,Kutu-Harf-Tabela,kutu-harf-genel,corum,Negative phrase
Add,Kutu-Harf-Tabela,kutu-harf-genel,tokat,Negative phrase
Add,Kutu-Harf-Tabela,kutu-harf-genel,ordu,Negative phrase
Add,Kutu-Harf-Tabela,kutu-harf-genel,giresun,Negative phrase
Add,Kutu-Harf-Tabela,kutu-harf-genel,rize,Negative phrase
Add,Kutu-Harf-Tabela,kutu-harf-genel,kirikkale,Negative phrase
Add,Kutu-Harf-Tabela,kutu-harf-genel,batman,Negative phrase
Add,Kutu-Harf-Tabela,kutu-harf-genel,kahramanmaras,Negative phrase
Add,Kutu-Harf-Tabela,kutu-harf-genel,almanya,Negative phrase
Add,Kutu-Harf-Tabela,kutu-harf-genel,londra,Negative phrase
Add,Kutu-Harf-Tabela,kutu-harf-genel,dubai,Negative phrase
Add,Kutu-Harf-Tabela,kutu-harf-genel,azerbaycan,Negative phrase
Add,Kutu-Harf-Tabela,kutu-harf-genel,kktc,Negative phrase
Add,Kutu-Harf-Tabela,kutu-harf-genel,armut,Negative phrase
Add,Kutu-Harf-Tabela,kutu-harf-genel,armut com,Negative phrase
Add,Kutu-Harf-Tabela,kutu-harf-genel,armut teklif,Negative phrase
Add,Kutu-Harf-Tabela,kutu-harf-genel,eraytabela,Negative phrase
Add,Kutu-Harf-Tabela,kutu-harf-genel,eray tabela,Negative phrase
Add,Kutu-Harf-Tabela,kutu-harf-genel,cebireklam,Negative phrase
Add,Kutu-Harf-Tabela,kutu-harf-genel,cebi reklam,Negative phrase
Add,Kutu-Harf-Tabela,kutu-harf-genel,3mreklam,Negative phrase
Add,Kutu-Harf-Tabela,kutu-harf-genel,3m reklam,Negative phrase
Add,Kutu-Harf-Tabela,kutu-harf-genel,protabela,Negative phrase
Add,Kutu-Harf-Tabela,kutu-harf-genel,pro tabela,Negative phrase
Add,Kutu-Harf-Tabela,kutu-harf-genel,dogauneon,Negative phrase
Add,Kutu-Harf-Tabela,kutu-harf-genel,doga uneon,Negative phrase
Add,Kutu-Harf-Tabela,kutu-harf-genel,brdreklam,Negative phrase
Add,Kutu-Harf-Tabela,kutu-harf-genel,brd reklam,Negative phrase
Add,Kutu-Harf-Tabela,kutu-harf-genel,brdreklamtabela,Negative phrase
Add,Kutu-Harf-Tabela,kutu-harf-genel,evok reklam,Negative phrase
Add,Kutu-Harf-Tabela,kutu-harf-genel,neuneon,Negative phrase
Add,Kutu-Harf-Tabela,kutu-harf-genel,neu neon,Negative phrase
Add,Kutu-Harf-Tabela,kutu-harf-genel,artastabela,Negative phrase
Add,Kutu-Harf-Tabela,kutu-harf-genel,artas tabela,Negative phrase
Add,Kutu-Harf-Tabela,kutu-harf-genel,eymenreklam,Negative phrase
Add,Kutu-Harf-Tabela,kutu-harf-genel,eymen reklam,Negative phrase
Add,Kutu-Harf-Tabela,kutu-harf-genel,nasil yapilir,Negative phrase
Add,Kutu-Harf-Tabela,kutu-harf-genel,nasil yapabilirim,Negative phrase
Add,Kutu-Harf-Tabela,kutu-harf-genel,evde yapim,Negative phrase
Add,Kutu-Harf-Tabela,kutu-harf-genel,kendim yapim,Negative phrase
Add,Kutu-Harf-Tabela,kutu-harf-genel,el yapimi,Negative phrase
Add,Kutu-Harf-Tabela,kutu-harf-genel,ev tipi,Negative phrase
Add,Kutu-Harf-Tabela,kutu-harf-genel,tabela yapimi evde,Negative phrase
Add,Kutu-Harf-Tabela,kutu-harf-genel,is ilanlari,Negative phrase
Add,Kutu-Harf-Tabela,kutu-harf-genel,is ilani,Negative phrase
Add,Kutu-Harf-Tabela,kutu-harf-genel,tabelaci is,Negative phrase
Add,Kutu-Harf-Tabela,kutu-harf-genel,tabela is,Negative phrase
Add,Kutu-Harf-Tabela,kutu-harf-genel,tabela ustasi ariyor,Negative phrase
Add,Kutu-Harf-Tabela,kutu-harf-genel,usta ariyor,Negative phrase
Add,Kutu-Harf-Tabela,kutu-harf-genel,eleman ariyor,Negative phrase
Add,Kutu-Harf-Tabela,kutu-harf-genel,personel ariyor,Negative phrase
Add,Kutu-Harf-Tabela,kutu-harf-genel,isci,Negative phrase
Add,Kutu-Harf-Tabela,kutu-harf-genel,isci ariyor,Negative phrase
Add,Kutu-Harf-Tabela,kutu-harf-genel,kalfa,Negative phrase
Add,Kutu-Harf-Tabela,kutu-harf-genel,cirak,Negative phrase
Add,Kutu-Harf-Tabela,kutu-harf-genel,staj,Negative phrase
Add,Kutu-Harf-Tabela,kutu-harf-genel,stajyer,Negative phrase
Add,Kutu-Harf-Tabela,kutu-harf-genel,tabela tasarimi ders,Negative phrase
Add,Kutu-Harf-Tabela,kutu-harf-genel,tabela dersi,Negative phrase
Add,Kutu-Harf-Tabela,kutu-harf-genel,egitim,Negative phrase
Add,Kutu-Harf-Tabela,kutu-harf-genel,egitimi,Negative phrase
Add,Kutu-Harf-Tabela,kutu-harf-genel,kurs,Negative phrase
Add,Kutu-Harf-Tabela,kutu-harf-genel,sablon,Negative phrase
Add,Kutu-Harf-Tabela,kutu-harf-genel,template,Negative phrase
Add,Kutu-Harf-Tabela,kutu-harf-genel,vektorel,Negative phrase
Add,Kutu-Harf-Tabela,kutu-harf-genel,hazir tasarim,Negative phrase
Add,Kutu-Harf-Tabela,kutu-harf-genel,online tasarim,Negative phrase
Add,Kutu-Harf-Tabela,kutu-harf-genel,tabela tasarla,Negative phrase
Add,Kutu-Harf-Tabela,kutu-harf-genel,tabela tasarim programi,Negative phrase
Add,Kutu-Harf-Tabela,kutu-harf-genel,odev,Negative phrase
Add,Kutu-Harf-Tabela,kutu-harf-genel,tez,Negative phrase
Add,Kutu-Harf-Tabela,kutu-harf-genel,proje odev,Negative phrase
Add,Kutu-Harf-Tabela,kutu-harf-genel,ogrenci,Negative phrase
Add,Kutu-Harf-Tabela,kutu-harf-genel,universite,Negative phrase
Add,Kutu-Harf-Tabela,kutu-harf-genel,hepsiburada,Negative phrase
Add,Kutu-Harf-Tabela,kutu-harf-genel,trendyol,Negative phrase
Add,Kutu-Harf-Tabela,kutu-harf-genel,n11,Negative phrase
Add,Kutu-Harf-Tabela,kutu-harf-genel,amazon,Negative phrase
Add,Kutu-Harf-Tabela,kutu-harf-genel,sahibinden,Negative phrase
Add,Kutu-Harf-Tabela,kutu-harf-genel,pazarama,Negative phrase
Add,Kutu-Harf-Tabela,kutu-harf-genel,gittigidiyor,Negative phrase
Add,Kutu-Harf-Tabela,kutu-harf-genel,bedava,Negative phrase
Add,Kutu-Harf-Tabela,kutu-harf-genel,ucretsiz tabela,Negative phrase
Add,Kutu-Harf-Tabela,kutu-harf-genel,ucuz,Negative phrase
Add,Kutu-Harf-Tabela,kutu-harf-genel,cok ucuz,Negative phrase
Add,Kutu-Harf-Tabela,kutu-harf-genel,en ucuz,Negative phrase
Add,Kutu-Harf-Tabela,kutu-harf-genel,ikinci el,Negative phrase
Add,Kutu-Harf-Tabela,kutu-harf-genel,2 el,Negative phrase
Add,Kutu-Harf-Tabela,kutu-harf-genel,eski tabela,Negative phrase
Add,Kutu-Harf-Tabela,kutu-harf-genel,sifir tabela,Negative phrase
Add,Kutu-Harf-Tabela,kutu-harf-genel,toptan,Negative phrase
Add,Kutu-Harf-Tabela,kutu-harf-genel,toptan satis,Negative phrase
Add,Kutu-Harf-Tabela,kutu-harf-genel,tedarikci,Negative phrase
Add,Kutu-Harf-Tabela,kutu-harf-genel,bayi,Negative phrase
Add,Kutu-Harf-Tabela,kutu-harf-genel,distribütör,Negative phrase
Add,Kutu-Harf-Tabela,kutu-harf-genel,malzeme satis,Negative phrase
Add,Kutu-Harf-Tabela,kutu-harf-genel,malzemesi nereden,Negative phrase
Add,Kutu-Harf-Tabela,kutu-harf-genel,nereden alabilirim,Negative phrase
Add,Kutu-Harf-Tabela,kutu-harf-genel,dijital pano,Negative phrase
Add,Kutu-Harf-Tabela,kutu-harf-genel,reklam ajansi,Negative phrase
Add,Kutu-Harf-Tabela,kutu-harf-genel,sosyal medya,Negative phrase
Add,Kutu-Harf-Tabela,kutu-harf-genel,instagram reklam,Negative phrase
Add,Kutu-Harf-Tabela,kutu-harf-genel,reklam filmi,Negative phrase
Add,Kutu-Harf-Tabela,kutu-harf-genel,tv reklam,Negative phrase
Add,Kutu-Harf-Tabela,kutu-harf-genel,radyo reklam,Negative phrase
Add,Kutu-Harf-Tabela,kutu-harf-genel,yol tabelasi,Negative phrase
Add,Kutu-Harf-Tabela,kutu-harf-genel,trafik tabelasi,Negative phrase
Add,Kutu-Harf-Tabela,kutu-harf-genel,trafik isareti,Negative phrase
Add,Kutu-Harf-Tabela,kutu-harf-genel,uyari tabelasi,Negative phrase
Add,Kutu-Harf-Tabela,kutu-harf-genel,adres tabelasi,Negative phrase
Add,Kutu-Harf-Tabela,kutu-harf-genel,ev adresi,Negative phrase
Add,Kutu-Harf-Tabela,kutu-harf-genel,mezar tasi,Negative phrase
Add,Kutu-Harf-Tabela,kutu-harf-genel,nikah sekeri,Negative phrase
Add,Dijital-Baski-Arac-Giydirme,Dijital-Baski-genel,ankara,Negative phrase
Add,Dijital-Baski-Arac-Giydirme,Dijital-Baski-genel,izmir,Negative phrase
Add,Dijital-Baski-Arac-Giydirme,Dijital-Baski-genel,bursa,Negative phrase
Add,Dijital-Baski-Arac-Giydirme,Dijital-Baski-genel,antalya,Negative phrase
Add,Dijital-Baski-Arac-Giydirme,Dijital-Baski-genel,konya,Negative phrase
Add,Dijital-Baski-Arac-Giydirme,Dijital-Baski-genel,adana,Negative phrase
Add,Dijital-Baski-Arac-Giydirme,Dijital-Baski-genel,gaziantep,Negative phrase
Add,Dijital-Baski-Arac-Giydirme,Dijital-Baski-genel,mersin,Negative phrase
Add,Dijital-Baski-Arac-Giydirme,Dijital-Baski-genel,kayseri,Negative phrase
Add,Dijital-Baski-Arac-Giydirme,Dijital-Baski-genel,eskisehir,Negative phrase
Add,Dijital-Baski-Arac-Giydirme,Dijital-Baski-genel,samsun,Negative phrase
Add,Dijital-Baski-Arac-Giydirme,Dijital-Baski-genel,trabzon,Negative phrase
Add,Dijital-Baski-Arac-Giydirme,Dijital-Baski-genel,diyarbakir,Negative phrase
Add,Dijital-Baski-Arac-Giydirme,Dijital-Baski-genel,sanliurfa,Negative phrase
Add,Dijital-Baski-Arac-Giydirme,Dijital-Baski-genel,malatya,Negative phrase
Add,Dijital-Baski-Arac-Giydirme,Dijital-Baski-genel,erzurum,Negative phrase
Add,Dijital-Baski-Arac-Giydirme,Dijital-Baski-genel,kocaeli,Negative phrase
Add,Dijital-Baski-Arac-Giydirme,Dijital-Baski-genel,sakarya,Negative phrase
Add,Dijital-Baski-Arac-Giydirme,Dijital-Baski-genel,manisa,Negative phrase
Add,Dijital-Baski-Arac-Giydirme,Dijital-Baski-genel,hatay,Negative phrase
Add,Dijital-Baski-Arac-Giydirme,Dijital-Baski-genel,balikesir,Negative phrase
Add,Dijital-Baski-Arac-Giydirme,Dijital-Baski-genel,denizli,Negative phrase
Add,Dijital-Baski-Arac-Giydirme,Dijital-Baski-genel,van,Negative phrase
Add,Dijital-Baski-Arac-Giydirme,Dijital-Baski-genel,tekirdag,Negative phrase
Add,Dijital-Baski-Arac-Giydirme,Dijital-Baski-genel,aydin,Negative phrase
Add,Dijital-Baski-Arac-Giydirme,Dijital-Baski-genel,mugla,Negative phrase
Add,Dijital-Baski-Arac-Giydirme,Dijital-Baski-genel,afyon,Negative phrase
Add,Dijital-Baski-Arac-Giydirme,Dijital-Baski-genel,isparta,Negative phrase
Add,Dijital-Baski-Arac-Giydirme,Dijital-Baski-genel,corum,Negative phrase
Add,Dijital-Baski-Arac-Giydirme,Dijital-Baski-genel,tokat,Negative phrase
Add,Dijital-Baski-Arac-Giydirme,Dijital-Baski-genel,ordu,Negative phrase
Add,Dijital-Baski-Arac-Giydirme,Dijital-Baski-genel,giresun,Negative phrase
Add,Dijital-Baski-Arac-Giydirme,Dijital-Baski-genel,rize,Negative phrase
Add,Dijital-Baski-Arac-Giydirme,Dijital-Baski-genel,kirikkale,Negative phrase
Add,Dijital-Baski-Arac-Giydirme,Dijital-Baski-genel,batman,Negative phrase
Add,Dijital-Baski-Arac-Giydirme,Dijital-Baski-genel,kahramanmaras,Negative phrase
Add,Dijital-Baski-Arac-Giydirme,Dijital-Baski-genel,almanya,Negative phrase
Add,Dijital-Baski-Arac-Giydirme,Dijital-Baski-genel,londra,Negative phrase
Add,Dijital-Baski-Arac-Giydirme,Dijital-Baski-genel,dubai,Negative phrase
Add,Dijital-Baski-Arac-Giydirme,Dijital-Baski-genel,azerbaycan,Negative phrase
Add,Dijital-Baski-Arac-Giydirme,Dijital-Baski-genel,kktc,Negative phrase
Add,Dijital-Baski-Arac-Giydirme,Dijital-Baski-genel,armut,Negative phrase
Add,Dijital-Baski-Arac-Giydirme,Dijital-Baski-genel,armut com,Negative phrase
Add,Dijital-Baski-Arac-Giydirme,Dijital-Baski-genel,armut teklif,Negative phrase
Add,Dijital-Baski-Arac-Giydirme,Dijital-Baski-genel,eraytabela,Negative phrase
Add,Dijital-Baski-Arac-Giydirme,Dijital-Baski-genel,eray tabela,Negative phrase
Add,Dijital-Baski-Arac-Giydirme,Dijital-Baski-genel,cebireklam,Negative phrase
Add,Dijital-Baski-Arac-Giydirme,Dijital-Baski-genel,cebi reklam,Negative phrase
Add,Dijital-Baski-Arac-Giydirme,Dijital-Baski-genel,3mreklam,Negative phrase
Add,Dijital-Baski-Arac-Giydirme,Dijital-Baski-genel,3m reklam,Negative phrase
Add,Dijital-Baski-Arac-Giydirme,Dijital-Baski-genel,protabela,Negative phrase
Add,Dijital-Baski-Arac-Giydirme,Dijital-Baski-genel,pro tabela,Negative phrase
Add,Dijital-Baski-Arac-Giydirme,Dijital-Baski-genel,dogauneon,Negative phrase
Add,Dijital-Baski-Arac-Giydirme,Dijital-Baski-genel,doga uneon,Negative phrase
Add,Dijital-Baski-Arac-Giydirme,Dijital-Baski-genel,brdreklam,Negative phrase
Add,Dijital-Baski-Arac-Giydirme,Dijital-Baski-genel,brd reklam,Negative phrase
Add,Dijital-Baski-Arac-Giydirme,Dijital-Baski-genel,brdreklamtabela,Negative phrase
Add,Dijital-Baski-Arac-Giydirme,Dijital-Baski-genel,evok reklam,Negative phrase
Add,Dijital-Baski-Arac-Giydirme,Dijital-Baski-genel,neuneon,Negative phrase
Add,Dijital-Baski-Arac-Giydirme,Dijital-Baski-genel,neu neon,Negative phrase
Add,Dijital-Baski-Arac-Giydirme,Dijital-Baski-genel,artastabela,Negative phrase
Add,Dijital-Baski-Arac-Giydirme,Dijital-Baski-genel,artas tabela,Negative phrase
Add,Dijital-Baski-Arac-Giydirme,Dijital-Baski-genel,eymenreklam,Negative phrase
Add,Dijital-Baski-Arac-Giydirme,Dijital-Baski-genel,eymen reklam,Negative phrase
Add,Dijital-Baski-Arac-Giydirme,Dijital-Baski-genel,nasil yapilir,Negative phrase
Add,Dijital-Baski-Arac-Giydirme,Dijital-Baski-genel,nasil yapabilirim,Negative phrase
Add,Dijital-Baski-Arac-Giydirme,Dijital-Baski-genel,evde yapim,Negative phrase
Add,Dijital-Baski-Arac-Giydirme,Dijital-Baski-genel,kendim yapim,Negative phrase
Add,Dijital-Baski-Arac-Giydirme,Dijital-Baski-genel,el yapimi,Negative phrase
Add,Dijital-Baski-Arac-Giydirme,Dijital-Baski-genel,ev tipi,Negative phrase
Add,Dijital-Baski-Arac-Giydirme,Dijital-Baski-genel,tabela yapimi evde,Negative phrase
Add,Dijital-Baski-Arac-Giydirme,Dijital-Baski-genel,is ilanlari,Negative phrase
Add,Dijital-Baski-Arac-Giydirme,Dijital-Baski-genel,is ilani,Negative phrase
Add,Dijital-Baski-Arac-Giydirme,Dijital-Baski-genel,tabelaci is,Negative phrase
Add,Dijital-Baski-Arac-Giydirme,Dijital-Baski-genel,tabela is,Negative phrase
Add,Dijital-Baski-Arac-Giydirme,Dijital-Baski-genel,tabela ustasi ariyor,Negative phrase
Add,Dijital-Baski-Arac-Giydirme,Dijital-Baski-genel,usta ariyor,Negative phrase
Add,Dijital-Baski-Arac-Giydirme,Dijital-Baski-genel,eleman ariyor,Negative phrase
Add,Dijital-Baski-Arac-Giydirme,Dijital-Baski-genel,personel ariyor,Negative phrase
Add,Dijital-Baski-Arac-Giydirme,Dijital-Baski-genel,isci,Negative phrase
Add,Dijital-Baski-Arac-Giydirme,Dijital-Baski-genel,isci ariyor,Negative phrase
Add,Dijital-Baski-Arac-Giydirme,Dijital-Baski-genel,kalfa,Negative phrase
Add,Dijital-Baski-Arac-Giydirme,Dijital-Baski-genel,cirak,Negative phrase
Add,Dijital-Baski-Arac-Giydirme,Dijital-Baski-genel,staj,Negative phrase
Add,Dijital-Baski-Arac-Giydirme,Dijital-Baski-genel,stajyer,Negative phrase
Add,Dijital-Baski-Arac-Giydirme,Dijital-Baski-genel,tabela tasarimi ders,Negative phrase
Add,Dijital-Baski-Arac-Giydirme,Dijital-Baski-genel,tabela dersi,Negative phrase
Add,Dijital-Baski-Arac-Giydirme,Dijital-Baski-genel,egitim,Negative phrase
Add,Dijital-Baski-Arac-Giydirme,Dijital-Baski-genel,egitimi,Negative phrase
Add,Dijital-Baski-Arac-Giydirme,Dijital-Baski-genel,kurs,Negative phrase
Add,Dijital-Baski-Arac-Giydirme,Dijital-Baski-genel,sablon,Negative phrase
Add,Dijital-Baski-Arac-Giydirme,Dijital-Baski-genel,template,Negative phrase
Add,Dijital-Baski-Arac-Giydirme,Dijital-Baski-genel,vektorel,Negative phrase
Add,Dijital-Baski-Arac-Giydirme,Dijital-Baski-genel,hazir tasarim,Negative phrase
Add,Dijital-Baski-Arac-Giydirme,Dijital-Baski-genel,online tasarim,Negative phrase
Add,Dijital-Baski-Arac-Giydirme,Dijital-Baski-genel,tabela tasarla,Negative phrase
Add,Dijital-Baski-Arac-Giydirme,Dijital-Baski-genel,tabela tasarim programi,Negative phrase
Add,Dijital-Baski-Arac-Giydirme,Dijital-Baski-genel,odev,Negative phrase
Add,Dijital-Baski-Arac-Giydirme,Dijital-Baski-genel,tez,Negative phrase
Add,Dijital-Baski-Arac-Giydirme,Dijital-Baski-genel,proje odev,Negative phrase
Add,Dijital-Baski-Arac-Giydirme,Dijital-Baski-genel,ogrenci,Negative phrase
Add,Dijital-Baski-Arac-Giydirme,Dijital-Baski-genel,universite,Negative phrase
Add,Dijital-Baski-Arac-Giydirme,Dijital-Baski-genel,hepsiburada,Negative phrase
Add,Dijital-Baski-Arac-Giydirme,Dijital-Baski-genel,trendyol,Negative phrase
Add,Dijital-Baski-Arac-Giydirme,Dijital-Baski-genel,n11,Negative phrase
Add,Dijital-Baski-Arac-Giydirme,Dijital-Baski-genel,amazon,Negative phrase
Add,Dijital-Baski-Arac-Giydirme,Dijital-Baski-genel,sahibinden,Negative phrase
Add,Dijital-Baski-Arac-Giydirme,Dijital-Baski-genel,pazarama,Negative phrase
Add,Dijital-Baski-Arac-Giydirme,Dijital-Baski-genel,gittigidiyor,Negative phrase
Add,Dijital-Baski-Arac-Giydirme,Dijital-Baski-genel,bedava,Negative phrase
Add,Dijital-Baski-Arac-Giydirme,Dijital-Baski-genel,ucretsiz tabela,Negative phrase
Add,Dijital-Baski-Arac-Giydirme,Dijital-Baski-genel,ucuz,Negative phrase
Add,Dijital-Baski-Arac-Giydirme,Dijital-Baski-genel,cok ucuz,Negative phrase
Add,Dijital-Baski-Arac-Giydirme,Dijital-Baski-genel,en ucuz,Negative phrase
Add,Dijital-Baski-Arac-Giydirme,Dijital-Baski-genel,ikinci el,Negative phrase
Add,Dijital-Baski-Arac-Giydirme,Dijital-Baski-genel,2 el,Negative phrase
Add,Dijital-Baski-Arac-Giydirme,Dijital-Baski-genel,eski tabela,Negative phrase
Add,Dijital-Baski-Arac-Giydirme,Dijital-Baski-genel,sifir tabela,Negative phrase
Add,Dijital-Baski-Arac-Giydirme,Dijital-Baski-genel,toptan,Negative phrase
Add,Dijital-Baski-Arac-Giydirme,Dijital-Baski-genel,toptan satis,Negative phrase
Add,Dijital-Baski-Arac-Giydirme,Dijital-Baski-genel,tedarikci,Negative phrase
Add,Dijital-Baski-Arac-Giydirme,Dijital-Baski-genel,bayi,Negative phrase
Add,Dijital-Baski-Arac-Giydirme,Dijital-Baski-genel,distribütör,Negative phrase
Add,Dijital-Baski-Arac-Giydirme,Dijital-Baski-genel,malzeme satis,Negative phrase
Add,Dijital-Baski-Arac-Giydirme,Dijital-Baski-genel,malzemesi nereden,Negative phrase
Add,Dijital-Baski-Arac-Giydirme,Dijital-Baski-genel,nereden alabilirim,Negative phrase
Add,Dijital-Baski-Arac-Giydirme,Dijital-Baski-genel,dijital pano,Negative phrase
Add,Dijital-Baski-Arac-Giydirme,Dijital-Baski-genel,reklam ajansi,Negative phrase
Add,Dijital-Baski-Arac-Giydirme,Dijital-Baski-genel,sosyal medya,Negative phrase
Add,Dijital-Baski-Arac-Giydirme,Dijital-Baski-genel,instagram reklam,Negative phrase
Add,Dijital-Baski-Arac-Giydirme,Dijital-Baski-genel,reklam filmi,Negative phrase
Add,Dijital-Baski-Arac-Giydirme,Dijital-Baski-genel,tv reklam,Negative phrase
Add,Dijital-Baski-Arac-Giydirme,Dijital-Baski-genel,radyo reklam,Negative phrase
Add,Dijital-Baski-Arac-Giydirme,Dijital-Baski-genel,yol tabelasi,Negative phrase
Add,Dijital-Baski-Arac-Giydirme,Dijital-Baski-genel,trafik tabelasi,Negative phrase
Add,Dijital-Baski-Arac-Giydirme,Dijital-Baski-genel,trafik isareti,Negative phrase
Add,Dijital-Baski-Arac-Giydirme,Dijital-Baski-genel,uyari tabelasi,Negative phrase
Add,Dijital-Baski-Arac-Giydirme,Dijital-Baski-genel,adres tabelasi,Negative phrase
Add,Dijital-Baski-Arac-Giydirme,Dijital-Baski-genel,ev adresi,Negative phrase
Add,Dijital-Baski-Arac-Giydirme,Dijital-Baski-genel,mezar tasi,Negative phrase
Add,Dijital-Baski-Arac-Giydirme,Dijital-Baski-genel,nikah sekeri,Negative phrase