Action,Campaign,Callout text
Add,Cephe-Totem-Genel,2005'ten Beri Kurumsal
Add,Cephe-Totem-Genel,2.500+ Tamamlanmış Proje
Add,Cephe-Totem-Genel,⭐ 5.0 / 90 Google Yorum
Add,Cephe-Totem-Genel,Ücretsiz Keşif + 3D
Add,Cephe-Totem-Genel,Aynı Gün Hızlı Teklif
Add,Cephe-Totem-Genel,Aracısız Fabrika Fiyatı
Add,Cephe-Totem-Genel,Uygun Fiyat Garantisi
Add,Cephe-Totem-Genel,2 Yıl Tam Garanti
Add,Cephe-Totem-Genel,IP65 Sertifikalı LED
Add,Cephe-Totem-Genel,PVD Kaplama Seçeneği
Add,Cephe-Totem-Genel,CNC Lazer Hassas Kesim
Add,Cephe-Totem-Genel,AVM Projeleri (50+)
Add,Cephe-Totem-Genel,Plaza & İş Merkezi
Add,Cephe-Totem-Genel,Hastane Yönlendirme
Add,Cephe-Totem-Genel,Otel Tabela Sistemleri
Add,Cephe-Totem-Genel,Fabrika & OSB Uzmanı
Add,Cephe-Totem-Genel,İstanbul 39 İlçeye
Add,Cephe-Totem-Genel,Kendi Atölyemiz
Add,Cephe-Totem-Genel,Sertifikalı Montaj
Add,Cephe-Totem-Genel,Periyodik Bakım Dahil
Add,Isikli-Tabela-LED,2005'ten Beri Kurumsal
Add,Isikli-Tabela-LED,2.500+ Tamamlanmış Proje
Add,Isikli-Tabela-LED,⭐ 5.0 / 90 Google Yorum
Add,Isikli-Tabela-LED,Ücretsiz Keşif + 3D
Add,Isikli-Tabela-LED,Aynı Gün Hızlı Teklif
Add,Isikli-Tabela-LED,Aracısız Fabrika Fiyatı
Add,Isikli-Tabela-LED,Uygun Fiyat Garantisi
Add,Isikli-Tabela-LED,2 Yıl Tam Garanti
Add,Isikli-Tabela-LED,IP65 Sertifikalı LED
Add,Isikli-Tabela-LED,PVD Kaplama Seçeneği
Add,Isikli-Tabela-LED,CNC Lazer Hassas Kesim
Add,Isikli-Tabela-LED,AVM Projeleri (50+)
Add,Isikli-Tabela-LED,Plaza & İş Merkezi
Add,Isikli-Tabela-LED,Hastane Yönlendirme
Add,Isikli-Tabela-LED,Otel Tabela Sistemleri
Add,Isikli-Tabela-LED,Fabrika & OSB Uzmanı
Add,Isikli-Tabela-LED,İstanbul 39 İlçeye
Add,Isikli-Tabela-LED,Kendi Atölyemiz
Add,Isikli-Tabela-LED,Sertifikalı Montaj
Add,Isikli-Tabela-LED,Periyodik Bakım Dahil
Add,Kutu-Harf-Tabela,2005'ten Beri Kurumsal
Add,Kutu-Harf-Tabela,2.500+ Tamamlanmış Proje
Add,Kutu-Harf-Tabela,⭐ 5.0 / 90 Google Yorum
Add,Kutu-Harf-Tabela,Ücretsiz Keşif + 3D
Add,Kutu-Harf-Tabela,Aynı Gün Hızlı Teklif
Add,Kutu-Harf-Tabela,Aracısız Fabrika Fiyatı
Add,Kutu-Harf-Tabela,Uygun Fiyat Garantisi
Add,Kutu-Harf-Tabela,2 Yıl Tam Garanti
Add,Kutu-Harf-Tabela,IP65 Sertifikalı LED
Add,Kutu-Harf-Tabela,PVD Kaplama Seçeneği
Add,Kutu-Harf-Tabela,CNC Lazer Hassas Kesim
Add,Kutu-Harf-Tabela,AVM Projeleri (50+)
Add,Kutu-Harf-Tabela,Plaza & İş Merkezi
Add,Kutu-Harf-Tabela,Hastane Yönlendirme
Add,Kutu-Harf-Tabela,Otel Tabela Sistemleri
Add,Kutu-Harf-Tabela,Fabrika & OSB Uzmanı
Add,Kutu-Harf-Tabela,İstanbul 39 İlçeye
Add,Kutu-Harf-Tabela,Kendi Atölyemiz
Add,Kutu-Harf-Tabela,Sertifikalı Montaj
Add,Kutu-Harf-Tabela,Periyodik Bakım Dahil
Add,Dijital-Baski-Arac-Giydirme,2005'ten Beri Kurumsal
Add,Dijital-Baski-Arac-Giydirme,2.500+ Tamamlanmış Proje
Add,Dijital-Baski-Arac-Giydirme,⭐ 5.0 / 90 Google Yorum
Add,Dijital-Baski-Arac-Giydirme,Ücretsiz Keşif + 3D
Add,Dijital-Baski-Arac-Giydirme,Aynı Gün Hızlı Teklif
Add,Dijital-Baski-Arac-Giydirme,Aracısız Fabrika Fiyatı
Add,Dijital-Baski-Arac-Giydirme,Uygun Fiyat Garantisi
Add,Dijital-Baski-Arac-Giydirme,2 Yıl Tam Garanti
Add,Dijital-Baski-Arac-Giydirme,IP65 Sertifikalı LED
Add,Dijital-Baski-Arac-Giydirme,PVD Kaplama Seçeneği
Add,Dijital-Baski-Arac-Giydirme,CNC Lazer Hassas Kesim
Add,Dijital-Baski-Arac-Giydirme,AVM Projeleri (50+)
Add,Dijital-Baski-Arac-Giydirme,Plaza & İş Merkezi
Add,Dijital-Baski-Arac-Giydirme,Hastane Yönlendirme
Add,Dijital-Baski-Arac-Giydirme,Otel Tabela Sistemleri
Add,Dijital-Baski-Arac-Giydirme,Fabrika & OSB Uzmanı
Add,Dijital-Baski-Arac-Giydirme,İstanbul 39 İlçeye
Add,Dijital-Baski-Arac-Giydirme,Kendi Atölyemiz
Add,Dijital-Baski-Arac-Giydirme,Sertifikalı Montaj
Add,Dijital-Baski-Arac-Giydirme,Periyodik Bakım Dahil